{"current":"SwimClub","presets":{"SwimClub":{"customer_layout":"theme","logo_w":"100","logo_h":"96","font_fam_logo_cust":"","logo_size":"26","col_logo_overlay":"#ffffff","col_logo":"#072b48","logo_mt":"20","logo_mb":"20","font_fam_base_cust":"Merriweather:400,700","font_fam_headings_cust":"Montserrat","font_fam_nav_cust":"Montserrat","font_size_base":"14","font_scale_headings":"2","font_scale_nav":"0.9","col_text":"#808e99","col_headings":"#072b48","col_links":"#6eb9b9","col_content_bg":"#ffffff","col_page_bg":"#f4f4f4","col_nav_links":"#706f6f","col_nav_links_overlay":"#ffffff","col_drop_bg":"#ffffff","col_drop_bord":"#e3e0e1","col_drop_sub_bg":"#f4f4f4","col_drop_hov":"#6eb9b9","col_alt_text":"#85929e","col_alt_text_title":"#ffffff","col_alt_text_bg":"#072b48","col_prod_sale":"#6eb9b9","col_btn":"#ffffff","col_btn_bg":"#4b4757","col_head_bg_home":"#072b48","col_head_bg_coll":"#072b48","col_head_bg_prod":"#072b48","col_head_bg_blog":"#072b48","col_head_bg_cart":"#072b48","col_head_bg_cust":"#072b48","col_head_bg_page":"#072b48","head_img_home_height":"850","head_img_coll_height":"","head_img_prod_height":"","head_img_blog_height":"","head_img_cart_height":"","head_img_cust_height":"","head_img_page_height":"330","head_img_home_text":"ALCHEMY SHOPIFY THEME|300","home_order":"A-B-C-D-E-F-G","home_ad_1_text":"BLOG|100","home_ad_1_url":"/","home_ad_2_text":"CATALOGUE","home_ad_2_url":"/","home_ad_3_text":"SS14","home_ad_3_url":"/","home_ad_4_text":"RETURNS|55","home_ad_4_url":"/","home_slide_1_url":"/","home_slide_1_text":"","home_slide_2_url":"/","home_slide_2_text":"","home_slide_3_url":"/","home_slide_3_text":"","home_slide_4_url":"","home_slide_4_text":"","home_slide_5_url":"","home_slide_5_text":"","soc_icon_col":"#072b48","soc_icon_col_h":"#6eb9b9","social_twitter_url":"","social_facebook_url":"","social_pinterest_url":"","social_rss_url":"","social_tumblr_url":"","social_vimeo_url":"","social_youtube_url":"","social_instagram_url":"","social_flickr_url":"","social_google_url":"","prod_rel_limit":"10","txt_cart":"Cart","txt_youracc":"Your account","txt_login":"Log in","txt_logout":"Log out","txt_register":"Register","txt_search":"Search","txt_contact_succ":"Thanks for getting in contact!","txt_share":"Share:","txt_from":"From","txt_noprods":"There are no products in this view.","txt_sale":"Sale","txt_nextp":"Next &rarr;","txt_prevp":"&larr; Previous","txt_qty":"Qty","txt_pick":"Pick a","txt_add":"Add","txt_unav":"Unavailable","txt_produnavailable":"This product is currently out of stock","txt_backorder":"%s is backordered. We will ship it separately in 10 to 15 days.","txt_showall":"Enlarge all images","txt_related":"You may also like","txt_contshop":"Continue shopping","txt_pricex":"Price excludes delivery, which is applied at checkout","txt_cartnote":"Special instructions for the seller:","txt_checkout":"Checkout","supported_currencies":"CAD USD","default_currency":"CAD","prod_thumb_img_ratio":"150","search_alt_text":"Search","hom_cust_html":"","font_fam_logo":"GWF|Montserrat:400,700","font_fam_base":"GWF|CUSTOM","font_fam_headings":"GWF|CUSTOM","font_fam_nav":"GWF|CUSTOM","bg_image_method":"repeat top center","col_scrollup":"grey","head_img_mode":"para","head_img_fill":"cover","home_prods_perrow":"4","home_ad_1_size":"half","home_ad_2_size":"quarter","home_ad_3_size":"quarter","home_ad_4_size":"full","soc_icon_img":"light","soc_icon_size":"","soc_icon_size_share":"","coll_prods_perrow":"4","prod_thumb_img_ratio_simple":"150","prod_singlevar_mode":"text-withlabel","prod_rel_meth":"tag-coll","pay_icon_img":"payment_spr_white.png","currency_format":"money_with_currency_format","prod_page_img_size":"2048x2048","logo_hide_on_home":false,"head_star_motif":true,"bg_image_use":false,"col_head_bg_use":false,"head_img_shad":true,"head_img_hideonmob":false,"head_img_home_show":true,"head_img_coll_show":false,"head_img_prod_show":false,"head_img_blog_show":false,"head_img_cart_show":false,"head_img_cust_show":false,"head_img_page_show":true,"head_img_home_text_show":true,"head_img_coll_handled":false,"home_ad_1_show":false,"home_ad_2_show":false,"home_ad_3_show":false,"home_ad_4_show":false,"home_page_2_cols":false,"home_blog_img_above_title":true,"home_slide_1_show":false,"home_slide_2_show":false,"home_slide_3_show":false,"home_slide_4_show":false,"home_slide_5_show":false,"soc_icon_defcols":false,"soc_icon_defcols_h":false,"social_twitter_enabled":true,"social_facebook_enabled":true,"social_pinterest_enabled":false,"social_rss_enabled":false,"social_tumblr_enabled":false,"social_vimeo_enabled":false,"social_youtube_enabled":false,"social_instagram_enabled":false,"social_flickr_enabled":false,"social_google_enabled":false,"prod_show_brand":false,"prod_show_pick_a":false,"prod_noajax":false,"theme_by_hide":false,"pay_paypal":false,"pay_visa":true,"pay_mastercard":true,"pay_amex":false,"pay_discover":false,"pay_cirrus":false,"pay_maestro":true,"pay_google_wallet":false,"pay_dankort":false,"pay_jcb":false,"pay_diners":false,"pay_bitcoin":true,"cart_terms_show":false,"cart_note_show":true,"show_multiple_currencies":false,"adv_ratio":false,"search_alt":false,"search_prods_only":false,"nav_coll_secdrops":false,"adv_nav":false,"logo_type":"text","var_img_link_optname":"Color","use_logo":"false","use_hdpi_logos":"false","enable_var_img_link":"true","head_img_home_col":"#d19b9b","col_text_headwithimg":"#ffffff","cart_pricex_text":"Price excludes delivery, which is applied at checkout","txt_":"","insta_clientid":"a71d3f8902ef4fd38a526f7bc4a6ee00","insta_tag":"bathsalts","insta_cols_qty":"4","insta_rows_qty":"1","insta_what":"tag","insta_user":"","insta_row_height":"","home_prods_show":"true","home_ad_row_show":"false","home_slides_show":"true","coll_prod_title_height":"3.4","coll_prod_title_clamp":"2","logo_mob_w":"219","use_hdpi_logo":"true","use_mob_logo":"true","home_blog_notitle":"true","home_page_1":"frontpage","home_page_2":"fava-bean-potato","home_blog":"news","cart_terms_page":"about-us","home_page_3":"","home_prods_coll":"frontpage"},"Driftwood":{"customer_layout":"theme","logo_w":"100","logo_h":"96","font_fam_logo_cust":"","logo_size":"26","col_logo_overlay":"#ffffff","col_logo":"#ffffff","logo_mt":"20","logo_mb":"20","font_fam_base_cust":"","font_fam_headings_cust":"","font_fam_nav_cust":"","font_size_base":"13","font_scale_headings":"2","font_scale_nav":"0.9","col_text":"#808e99","col_headings":"#4a5265","col_links":"#ffa600","col_content_bg":"#ffffff","col_page_bg":"#f4f4f4","col_nav_links":"#706f6f","col_nav_links_overlay":"#ffffff","col_drop_bg":"#ffffff","col_drop_bord":"#e3e0e1","col_drop_sub_bg":"#f4f4f4","col_drop_hov":"#ffa600","col_alt_text":"#85929e","col_alt_text_title":"#4a5265","col_alt_text_bg":"#ffffff","col_prod_sale":"#ffa600","col_btn":"#ffffff","col_btn_bg":"#4a5265","col_head_bg_home":"#072b48","col_head_bg_coll":"#072b48","col_head_bg_prod":"#072b48","col_head_bg_blog":"#072b48","col_head_bg_cart":"#072b48","col_head_bg_cust":"#072b48","col_head_bg_page":"#072b48","head_img_home_height":"850","head_img_coll_height":"","head_img_prod_height":"","head_img_blog_height":"","head_img_cart_height":"","head_img_cust_height":"","head_img_page_height":"330","head_img_home_text":"ALCHEMY SHOPIFY THEME|300","home_order":"A-B-C-D-E-F-G","home_ad_1_text":"BLOG|100","home_ad_1_url":"/","home_ad_2_text":"CATALOGUE","home_ad_2_url":"/","home_ad_3_text":"SS14","home_ad_3_url":"/","home_ad_4_text":"RETURNS|55","home_ad_4_url":"/","home_slide_1_url":"/","home_slide_1_text":"","home_slide_2_url":"/","home_slide_2_text":"","home_slide_3_url":"/","home_slide_3_text":"","home_slide_4_url":"","home_slide_4_text":"","home_slide_5_url":"","home_slide_5_text":"","soc_icon_col":"#4a5265","soc_icon_col_h":"#ffa600","social_twitter_url":"","social_facebook_url":"","social_pinterest_url":"","social_rss_url":"","social_tumblr_url":"","social_vimeo_url":"","social_youtube_url":"","social_instagram_url":"","social_flickr_url":"","social_google_url":"","prod_rel_limit":"10","txt_cart":"Cart","txt_youracc":"Your account","txt_login":"Log in","txt_logout":"Log out","txt_register":"Register","txt_search":"Search","txt_contact_succ":"Thanks for getting in contact!","txt_share":"Share:","txt_from":"From","txt_noprods":"There are no products in this view.","txt_sale":"Sale","txt_nextp":"Next &rarr;","txt_prevp":"&larr; Previous","txt_qty":"Qty","txt_pick":"Pick a","txt_add":"Add","txt_unav":"Unavailable","txt_produnavailable":"This product is currently out of stock","txt_backorder":"%s is backordered. We will ship it separately in 10 to 15 days.","txt_showall":"Enlarge all images","txt_related":"You may also like","txt_contshop":"Continue shopping","txt_pricex":"Price excludes delivery, which is applied at checkout","txt_cartnote":"Special instructions for the seller:","txt_checkout":"Checkout","supported_currencies":"CAD USD","default_currency":"CAD","prod_thumb_img_ratio":"150","search_alt_text":"Search","hom_cust_html":"","font_fam_logo":"GWF|Armata:400,700","font_fam_base":"GWF|Armata:400,700","font_fam_headings":"GWF|Armata:400,700","font_fam_nav":"GWF|Armata:400,700","bg_image_method":"repeat top center","col_scrollup":"grey","head_img_mode":"para","head_img_fill":"cover","home_prods_perrow":"4","home_ad_1_size":"half","home_ad_2_size":"quarter","home_ad_3_size":"quarter","home_ad_4_size":"full","soc_icon_img":"light","soc_icon_size":"","soc_icon_size_share":"","coll_prods_perrow":"4","prod_thumb_img_ratio_simple":"150","prod_singlevar_mode":"text-withlabel","prod_rel_meth":"tag-coll","pay_icon_img":"payment_spr_white.png","currency_format":"money_with_currency_format","prod_page_img_size":"2048x2048","logo_hide_on_home":false,"head_star_motif":true,"bg_image_use":false,"col_head_bg_use":false,"head_img_shad":true,"head_img_hideonmob":false,"head_img_home_show":true,"head_img_coll_show":false,"head_img_prod_show":false,"head_img_blog_show":false,"head_img_cart_show":false,"head_img_cust_show":false,"head_img_page_show":true,"head_img_home_text_show":true,"head_img_coll_handled":false,"home_ad_1_show":false,"home_ad_2_show":false,"home_ad_3_show":false,"home_ad_4_show":false,"home_page_2_cols":false,"home_blog_img_above_title":true,"home_slide_1_show":false,"home_slide_2_show":false,"home_slide_3_show":false,"home_slide_4_show":false,"home_slide_5_show":false,"soc_icon_defcols":false,"soc_icon_defcols_h":false,"social_twitter_enabled":true,"social_facebook_enabled":true,"social_pinterest_enabled":false,"social_rss_enabled":false,"social_tumblr_enabled":false,"social_vimeo_enabled":false,"social_youtube_enabled":false,"social_instagram_enabled":false,"social_flickr_enabled":false,"social_google_enabled":false,"prod_show_brand":false,"prod_show_pick_a":false,"prod_noajax":false,"theme_by_hide":false,"pay_paypal":false,"pay_visa":true,"pay_mastercard":true,"pay_amex":false,"pay_discover":false,"pay_cirrus":false,"pay_maestro":true,"pay_google_wallet":false,"pay_dankort":false,"pay_jcb":false,"pay_diners":false,"pay_bitcoin":true,"cart_terms_show":false,"cart_note_show":true,"show_multiple_currencies":false,"adv_ratio":false,"search_alt":false,"search_prods_only":false,"nav_coll_secdrops":false,"adv_nav":false,"logo_type":"text","var_img_link_optname":"Color","use_logo":"false","use_hdpi_logos":"false","enable_var_img_link":"true","head_img_home_col":"#d19b9b","col_text_headwithimg":"#ffffff","cart_pricex_text":"Price excludes delivery, which is applied at checkout","txt_":"","insta_clientid":"a71d3f8902ef4fd38a526f7bc4a6ee00","insta_tag":"bathsalts","insta_cols_qty":"4","insta_rows_qty":"1","insta_what":"tag","insta_user":"","insta_row_height":"","home_prods_show":"true","home_ad_row_show":"false","home_slides_show":"true","coll_prod_title_height":"3.4","coll_prod_title_clamp":"2","logo_mob_w":"219","use_hdpi_logo":"true","use_mob_logo":"true","home_blog_notitle":"true","home_page_1":"frontpage","home_page_2":"fava-bean-potato","home_blog":"news","cart_terms_page":"about-us","home_page_3":"","home_prods_coll":"frontpage"},"CloudBreak":{"customer_layout":"theme","logo_w":"100","logo_h":"96","font_fam_logo_cust":"","logo_size":"26","col_logo_overlay":"#ffffff","col_logo":"#ffffff","logo_mt":"20","logo_mb":"20","font_fam_base_cust":"","font_fam_headings_cust":"","font_fam_nav_cust":"","font_size_base":"16","font_scale_headings":"2","font_scale_nav":"0.9","col_text":"#706f6f","col_headings":"#f04c40","col_links":"#f04c40","col_content_bg":"#ffffff","col_page_bg":"#f4f4f4","col_nav_links":"#706f6f","col_nav_links_overlay":"#ffffff","col_drop_bg":"#ffffff","col_drop_bord":"#e3e0e1","col_drop_sub_bg":"#f4f4f4","col_drop_hov":"#f04c40","col_alt_text":"#9ba1ad","col_alt_text_title":"#ffffff","col_alt_text_bg":"#4b4757","col_prod_sale":"#f04c40","col_btn":"#ffffff","col_btn_bg":"#f04c40","col_head_bg_home":"#706f6f","col_head_bg_coll":"#706f6f","col_head_bg_prod":"#706f6f","col_head_bg_blog":"#706f6f","col_head_bg_cart":"#706f6f","col_head_bg_cust":"#706f6f","col_head_bg_page":"#706f6f","head_img_home_height":"850","head_img_coll_height":"","head_img_prod_height":"","head_img_blog_height":"","head_img_cart_height":"","head_img_cust_height":"","head_img_page_height":"330","head_img_home_text":"ALCHEMY SHOPIFY THEME|300","home_order":"A-B-D-C-E-F-G","home_ad_1_text":"BLOG|100","home_ad_1_url":"/","home_ad_2_text":"CATALOGUE","home_ad_2_url":"/","home_ad_3_text":"SS14","home_ad_3_url":"/","home_ad_4_text":"RETURNS|55","home_ad_4_url":"/","home_slide_1_url":"/","home_slide_1_text":"","home_slide_2_url":"/","home_slide_2_text":"","home_slide_3_url":"/","home_slide_3_text":"","home_slide_4_url":"","home_slide_4_text":"","home_slide_5_url":"","home_slide_5_text":"","soc_icon_col":"#f04c40","soc_icon_col_h":"#cc3a2d","social_twitter_url":"","social_facebook_url":"","social_pinterest_url":"","social_rss_url":"","social_tumblr_url":"","social_vimeo_url":"","social_youtube_url":"","social_instagram_url":"","social_flickr_url":"","social_google_url":"","prod_rel_limit":"10","txt_cart":"Cart","txt_youracc":"Your account","txt_login":"Log in","txt_logout":"Log out","txt_register":"Register","txt_search":"Search","txt_contact_succ":"Thanks for getting in contact!","txt_share":"Share:","txt_from":"From","txt_noprods":"There are no products in this view.","txt_sale":"Sale","txt_nextp":"Next &rarr;","txt_prevp":"&larr; Previous","txt_qty":"Qty","txt_pick":"Pick a","txt_add":"Add","txt_unav":"Unavailable","txt_produnavailable":"This product is currently out of stock","txt_backorder":"%s is backordered. We will ship it separately in 10 to 15 days.","txt_showall":"Enlarge all images","txt_related":"You may also like","txt_contshop":"Continue shopping","txt_pricex":"Price excludes delivery, which is applied at checkout","txt_cartnote":"Special instructions for the seller:","txt_checkout":"Checkout","supported_currencies":"CAD USD","default_currency":"CAD","prod_thumb_img_ratio":"150","search_alt_text":"Search","hom_cust_html":"","font_fam_logo":"GWF|Special+Elite","font_fam_base":"GWF|Lato:400,700","font_fam_headings":"GWF|Special+Elite","font_fam_nav":"GWF|Montserrat:400,700","bg_image_method":"repeat top center","col_scrollup":"grey","head_img_mode":"para","head_img_fill":"cover","home_prods_perrow":"4","home_ad_1_size":"half","home_ad_2_size":"quarter","home_ad_3_size":"quarter","home_ad_4_size":"full","soc_icon_img":"light","soc_icon_size":"","soc_icon_size_share":"","coll_prods_perrow":"4","prod_thumb_img_ratio_simple":"150","prod_singlevar_mode":"text-withlabel","prod_rel_meth":"tag-coll","pay_icon_img":"payment_spr_white.png","currency_format":"money_with_currency_format","prod_page_img_size":"2048x2048","logo_hide_on_home":false,"head_star_motif":true,"bg_image_use":false,"col_head_bg_use":false,"head_img_shad":true,"head_img_hideonmob":false,"head_img_home_show":true,"head_img_coll_show":false,"head_img_prod_show":false,"head_img_blog_show":false,"head_img_cart_show":false,"head_img_cust_show":false,"head_img_page_show":true,"head_img_home_text_show":true,"head_img_coll_handled":false,"home_ad_1_show":false,"home_ad_2_show":false,"home_ad_3_show":false,"home_ad_4_show":false,"home_page_2_cols":false,"home_blog_img_above_title":true,"home_slide_1_show":false,"home_slide_2_show":false,"home_slide_3_show":false,"home_slide_4_show":false,"home_slide_5_show":false,"soc_icon_defcols":false,"soc_icon_defcols_h":false,"social_twitter_enabled":true,"social_facebook_enabled":true,"social_pinterest_enabled":false,"social_rss_enabled":false,"social_tumblr_enabled":false,"social_vimeo_enabled":false,"social_youtube_enabled":false,"social_instagram_enabled":false,"social_flickr_enabled":false,"social_google_enabled":false,"prod_show_brand":false,"prod_show_pick_a":false,"prod_noajax":false,"theme_by_hide":false,"pay_paypal":false,"pay_visa":true,"pay_mastercard":true,"pay_amex":false,"pay_discover":false,"pay_cirrus":false,"pay_maestro":true,"pay_google_wallet":false,"pay_dankort":false,"pay_jcb":false,"pay_diners":false,"pay_bitcoin":true,"cart_terms_show":false,"cart_note_show":true,"show_multiple_currencies":false,"adv_ratio":false,"search_alt":false,"search_prods_only":false,"nav_coll_secdrops":false,"adv_nav":false,"logo_type":"text","var_img_link_optname":"Color","use_logo":"false","use_hdpi_logos":"false","enable_var_img_link":"true","head_img_home_col":"#d19b9b","col_text_headwithimg":"#ffffff","cart_pricex_text":"Price excludes delivery, which is applied at checkout","txt_":"","insta_clientid":"a71d3f8902ef4fd38a526f7bc4a6ee00","insta_tag":"bathsalts","insta_cols_qty":"4","insta_rows_qty":"1","insta_what":"tag","insta_user":"","insta_row_height":"","home_prods_show":"true","home_ad_row_show":"false","home_slides_show":"true","coll_prod_title_height":"3.4","coll_prod_title_clamp":"2","logo_mob_w":"219","use_hdpi_logo":"true","use_mob_logo":"true","home_blog_notitle":"true","home_page_1":"frontpage","home_page_2":"fava-bean-potato","home_blog":"news","cart_terms_page":"about-us","home_page_3":"","home_prods_coll":"frontpage"},"Seasons":{"customer_layout":"theme","logo_w":"100","logo_h":"96","font_fam_logo_cust":"Futura","logo_size":"18","col_logo_overlay":"#ffffff","col_logo":"#072b48","logo_mt":"51","logo_mb":"50","font_fam_base_cust":"Merriweather:400,700","font_fam_headings_cust":"Futura","font_fam_nav_cust":"Futura","font_size_base":"14","font_scale_headings":"2","font_scale_nav":"0.9","col_text":"#808e99","col_headings":"#072b48","col_links":"#ffa400","col_content_bg":"#ffffff","col_page_bg":"#ffffff","col_nav_links":"#706f6f","col_nav_links_overlay":"#ffffff","col_drop_bg":"#ffffff","col_drop_bord":"#e3e0e1","col_drop_sub_bg":"#f4f4f4","col_drop_hov":"#ffa400","col_alt_text":"#85929e","col_alt_text_title":"#4b4757","col_alt_text_bg":"#f4f4f4","col_prod_sale":"#ffa400","col_btn":"#ffffff","col_btn_bg":"#ffa400","col_head_bg_home":"#ffa400","col_head_bg_coll":"#57385c","col_head_bg_prod":"#a75265","col_head_bg_blog":"#ec7263","col_head_bg_cart":"#febe7e","col_head_bg_cust":"#ffedbc","col_head_bg_page":"#fe7e84","head_img_home_height":"850","head_img_coll_height":"","head_img_prod_height":"","head_img_blog_height":"","head_img_cart_height":"","head_img_cust_height":"","head_img_page_height":"330","head_img_home_text":"ALCHEMY SHOPIFY THEME|300","home_order":"G-E-C-D","home_ad_1_text":"","home_ad_1_url":"/","home_ad_2_text":"","home_ad_2_url":"/","home_ad_3_text":"","home_ad_3_url":"/","home_ad_4_text":"","home_ad_4_url":"/","home_slide_1_url":"/","home_slide_1_text":"","home_slide_2_url":"/","home_slide_2_text":"","home_slide_3_url":"/","home_slide_3_text":"","home_slide_4_url":"","home_slide_4_text":"","home_slide_5_url":"","home_slide_5_text":"","soc_icon_col":"#ffa400","soc_icon_col_h":"#e09509","social_twitter_url":"","social_facebook_url":"","social_pinterest_url":"","social_rss_url":"","social_tumblr_url":"","social_vimeo_url":"","social_youtube_url":"","social_instagram_url":"","social_flickr_url":"","social_google_url":"","prod_rel_limit":"10","txt_cart":"Cart","txt_youracc":"Your account","txt_login":"Log in","txt_logout":"Log out","txt_register":"Register","txt_search":"Search","txt_contact_succ":"Thanks for getting in contact!","txt_share":"Share:","txt_from":"From","txt_noprods":"There are no products in this view.","txt_sale":"Sale","txt_nextp":"Next &rarr;","txt_prevp":"&larr; Previous","txt_qty":"Qty","txt_pick":"Pick a","txt_add":"Add","txt_unav":"Unavailable","txt_produnavailable":"This product is currently out of stock","txt_backorder":"%s is backordered. We will ship it separately in 10 to 15 days.","txt_showall":"Enlarge all images","txt_related":"You may also like","txt_contshop":"Continue shopping","txt_pricex":"Price excludes delivery, which is applied at checkout","txt_cartnote":"Special instructions for the seller:","txt_checkout":"Checkout","supported_currencies":"CAD USD","default_currency":"CAD","prod_thumb_img_ratio":"150","search_alt_text":"Search","hom_cust_html":"","font_fam_logo":"GWF|CUSTOM","font_fam_base":"GWF|Lora:400,700","font_fam_headings":"GWF|CUSTOM","font_fam_nav":"GWF|CUSTOM","bg_image_method":"repeat top center","col_scrollup":"grey","head_img_mode":"para","head_img_fill":"centered","home_prods_perrow":"4","home_ad_1_size":"half","home_ad_2_size":"quarter","home_ad_3_size":"quarter","home_ad_4_size":"full","soc_icon_img":"light","soc_icon_size":"","soc_icon_size_share":"","coll_prods_perrow":"4","prod_thumb_img_ratio_simple":"66.67","prod_singlevar_mode":"text-withlabel","prod_rel_meth":"tag-coll","pay_icon_img":"payment_spr_white.png","currency_format":"money_with_currency_format","prod_page_img_size":"2048x2048","logo_hide_on_home":false,"head_star_motif":true,"bg_image_use":false,"col_head_bg_use":true,"head_img_shad":false,"head_img_hideonmob":false,"head_img_home_show":true,"head_img_coll_show":false,"head_img_prod_show":false,"head_img_blog_show":false,"head_img_cart_show":false,"head_img_cust_show":false,"head_img_page_show":false,"head_img_home_text_show":true,"head_img_coll_handled":false,"home_ad_1_show":false,"home_ad_2_show":false,"home_ad_3_show":false,"home_ad_4_show":false,"home_page_2_cols":false,"home_blog_img_above_title":true,"home_slide_1_show":false,"home_slide_2_show":false,"home_slide_3_show":false,"home_slide_4_show":false,"home_slide_5_show":false,"soc_icon_defcols":false,"soc_icon_defcols_h":false,"social_twitter_enabled":true,"social_facebook_enabled":true,"social_pinterest_enabled":false,"social_rss_enabled":false,"social_tumblr_enabled":false,"social_vimeo_enabled":false,"social_youtube_enabled":false,"social_instagram_enabled":false,"social_flickr_enabled":false,"social_google_enabled":false,"prod_show_brand":false,"prod_show_pick_a":false,"prod_noajax":false,"theme_by_hide":false,"pay_paypal":false,"pay_visa":true,"pay_mastercard":true,"pay_amex":false,"pay_discover":false,"pay_cirrus":false,"pay_maestro":true,"pay_google_wallet":false,"pay_dankort":false,"pay_jcb":false,"pay_diners":false,"pay_bitcoin":true,"cart_terms_show":false,"cart_note_show":true,"show_multiple_currencies":false,"adv_ratio":false,"search_alt":false,"search_prods_only":false,"nav_coll_secdrops":false,"adv_nav":false,"logo_type":"text","var_img_link_optname":"Color","use_logo":"false","use_hdpi_logos":"false","enable_var_img_link":"true","head_img_home_col":"#d19b9b","col_text_headwithimg":"#ffffff","cart_pricex_text":"Price excludes delivery, which is applied at checkout","txt_":"","insta_clientid":"a71d3f8902ef4fd38a526f7bc4a6ee00","insta_tag":"bathsalts","insta_cols_qty":"4","insta_rows_qty":"1","insta_what":"tag","insta_user":"","insta_row_height":"","home_prods_show":"true","home_ad_row_show":"false","home_slides_show":"true","coll_prod_title_height":"3.4","coll_prod_title_clamp":"2","logo_mob_w":"219","use_hdpi_logo":"true","use_mob_logo":"true","home_blog_notitle":"true","home_page_1":"frontpage","home_page_2":"about-us","home_blog":"news","cart_terms_page":"about-us","home_page_3":"","home_prods_coll":"frontpage"}}}